puesto,nombre_proveedor,tipo_persona,contratos,entidades,valor_miles_millones,pct_valor,pct_acumulado,total_proveedores
1,GECELCA S.A. E.S.P.,Jurídica,1,1,4205.0,2.57,2.57,585950
2,UNION TEMPORAL INTEGRACION LOGISTICA ELECTORAL 2026,Jurídica,1,1,3339.9,2.04,4.6,585950
3,ZONA FRANCA BARRANQUILLA,Jurídica,1,1,2846.2,1.74,6.34,585950
4,BANCOLOMBIA,Jurídica,59,50,1997.8,1.22,7.56,585950
5,HOSPITAL UNIVERSITARIO SAN JUAN DE DIOS Y MATERNO INFANTIL,Jurídica,1,1,1615.3,0.99,8.54,585950
6,EMPRESA DE DESARROLLO URBANO DE MEDELLIN,Jurídica,35,7,1543.4,0.94,9.49,585950
7,BANCO DAVIVIENDA,Jurídica,25,19,1205.4,0.74,10.22,585950
8,INSTITUTO PARA EL DESARROLLO DE ANTIOQUIA IDEA,Jurídica,48,13,1153.0,0.7,10.92,585950
9,ESU,Jurídica,59,17,1032.9,0.63,11.56,585950
10,AGENCIA LOGISTICA DE LAS FUERZAS MILITARES,Jurídica,17,11,1030.2,0.63,12.18,585950
