puesto,nombre_entidad,departamento,orden,contratos,valor_directa_miles_millones,pct_valor_directa,pct_contratos_directa,dif_vs_promedio_orden_pp,percentil_pct_directa,entidades_analizadas
1,DISTRITO ESPECIAL DE CIENCIA TECNOLOGIA E INNOVACION DE MEDELLIN,Antioquia,Territorial,1471,6071.2,79.8,82.0,27.5,76.0,1449
2,MINISTERIO DE MINAS Y ENERGIA,Distrito Capital de Bogotá,Nacional,2080,5803.5,99.3,97.5,43.5,98.0,1449
3,DEPARTAMENTO DE ANTIOQUIA//,Antioquia,Territorial,1367,3991.1,80.4,88.4,28.1,77.0,1449
4,MINSALUD,Distrito Capital de Bogotá,Nacional,3028,2049.0,97.4,98.4,41.6,95.0,1449
5,MINISTERIO DEL INTERIOR,Distrito Capital de Bogotá,Nacional,2396,1605.0,99.0,99.0,43.2,97.0,1449
6,SANTIAGO DE CALI DISTRITO ESPECIAL - DEPARTAMENTO ADMINISTRATIVO DE HACIENDA,Valle del Cauca,Territorial,2641,1578.1,99.6,99.5,47.3,98.0,1449
7,(Secretaría Distrital de Integración Social),Distrito Capital de Bogotá,Territorial,14400,1470.6,67.3,98.0,15.0,62.0,1449
8,DISTRITO ESPECIAL INDUSTRIAL Y PORTUARIO DE BARRANQUILLA,Atlántico,Territorial,9048,1383.4,45.1,98.3,-7.1,38.0,1449
9,ALCALDÍA DISTRITAL DE SANTA MARTA,Magdalena,Territorial,2982,1258.3,88.4,97.6,36.2,86.0,1449
10,FONDO FINANCIERO DISTRITAL DE SALUD.,Distrito Capital de Bogotá,Territorial,3189,1093.1,92.7,95.7,40.5,90.0,1449
11,MINISTERIO DE EDUCACION NACIONAL (MEN),Distrito Capital de Bogotá,Nacional,1221,821.7,78.6,88.4,22.9,75.0,1449
12,MINTRABAJO NIVEL CENTRAL*/,Distrito Capital de Bogotá,Nacional,773,817.7,91.5,86.9,35.8,89.0,1449
13,GOBERNACIÓN DE RISARALDA**,Risaralda,Territorial,3871,805.6,72.5,94.1,20.3,68.0,1449
14,INSTITUTO DE DEPORTES Y RECREACION DE MEDELLIN,Antioquia,Territorial,4970,790.0,86.1,94.0,33.9,84.0,1449
15,INSTITUTO DE CAMINOS Y CONSTRUCCIONES DE CUNDINAMARCA - ICCU,Distrito Capital de Bogotá,Territorial,1565,764.1,48.6,91.4,-3.7,41.0,1449
16,GOBERNACIÓN DE BOYACÁ,Boyacá,Territorial,4099,748.8,77.7,95.4,25.4,74.0,1449
17,DEPARTAMENTO DE CUNDINAMARCA-SECRETARIA DE HACIENDA,Cundinamarca,Territorial,344,743.3,93.5,96.5,41.3,91.0,1449
18,FONDO UNICO DE TECNOLOGÍAS DE LA INFORMACIÓN Y LAS COMUNICACIONES,Distrito Capital de Bogotá,Nacional,1918,720.9,88.3,98.4,32.6,85.0,1449
19,GOBERNACIÓN DEL CAUCA,Cauca,Territorial,3934,714.0,79.9,94.6,27.7,77.0,1449
20,DEPARTAMENTO DE SANTANDER,Santander,Territorial,4340,680.7,58.6,95.7,6.4,51.0,1449
