mes,nombre_mes,contratos,valor_miles_millones,indice_contratos,indice_valor,var_contratos_vs_mes_anterior_pct,pct_segunda_quincena,puesto_por_valor
1,Enero,150752,17094.3,1.72,1.15,,72.3,3
2,Febrero,165746,16587.1,1.89,1.12,9.9,40.3,4
3,Marzo,97247,11581.1,1.11,0.78,-41.3,44.1,9
4,Abril,69296,9931.9,0.79,0.67,-28.7,39.4,12
5,Mayo,64454,13508.4,0.74,0.91,-7.0,56.5,8
6,Junio,53326,10168.5,0.61,0.69,-17.3,52.2,11
7,Julio,80645,13790.2,0.92,0.93,51.2,55.0,6
8,Agosto,70638,10863.2,0.81,0.73,-12.4,51.3,10
9,Septiembre,86324,13995.5,0.99,0.95,22.2,51.3,5
10,Octubre,85611,13525.2,0.98,0.91,-0.8,55.2,7
11,Noviembre,76519,19152.4,0.87,1.29,-10.6,47.7,2
12,Diciembre,50299,27435.7,0.57,1.85,-34.3,46.1,1
