departamento,entidades,contratos,valor_miles_millones,pct_valor_nacional,pct_valor_directa,dif_vs_nacional_pp,puesto_pct_directa
Distrito Capital de Bogotá,372,285682,74175.6,41.8,51.2,-0.4,9
Antioquia,468,111092,26237.5,14.8,71.7,20.1,1
Valle del Cauca,307,114753,11737.9,6.6,58.9,7.3,2
Atlántico,77,35645,6428.1,3.6,44.5,-7.1,17
Bolívar,101,32930,6206.3,3.5,32.5,-19.2,29
Cundinamarca,316,52140,5841.3,3.3,55.7,4.0,5
Santander,228,48844,5066.3,2.9,41.8,-9.8,18
Boyacá,315,31965,3886.6,2.2,46.3,-5.3,15
Magdalena,58,33178,3102.8,1.7,50.2,-1.5,10
Norte de Santander,78,28390,2885.3,1.6,41.4,-10.2,19
Risaralda,68,18320,2867.6,1.6,48.3,-3.3,12
Tolima,169,28532,2790.8,1.6,34.4,-17.2,26
Meta,83,26570,2595.3,1.5,40.9,-10.7,20
Sin información,406,20924,2477.7,1.4,47.4,-4.2,14
Cesar,67,12390,2412.4,1.4,22.9,-28.7,33
La Guajira,54,6866,2338.5,1.3,38.7,-12.9,21
Cauca,89,18543,2324.6,1.3,47.5,-4.1,13
Caldas,117,18828,1940.8,1.1,45.7,-5.9,16
Córdoba,41,6726,1853.1,1.0,36.7,-14.9,24
Huila,140,18342,1763.7,1.0,55.1,3.5,6
Nariño,138,18045,1479.8,0.8,53.0,1.4,8
Casanare,67,16760,1304.5,0.7,33.8,-17.8,27
Quindío,58,21335,1025.9,0.6,55.9,4.2,4
Arauca,33,4925,852.2,0.5,27.6,-24.0,31
Chocó,22,3613,787.1,0.4,18.9,-32.7,34
Sucre,43,6492,759.1,0.4,27.6,-24.1,32
Caquetá,50,5816,757.4,0.4,36.6,-15.0,25
Putumayo,38,6952,655.9,0.4,38.3,-13.3,22
"San Andrés, Providencia y Santa Catalina",14,6591,462.3,0.3,56.2,4.6,3
Amazonas,16,4426,327.2,0.2,53.5,1.9,7
Vichada,12,3381,120.4,0.1,48.9,-2.7,11
Guaviare,9,765,77.0,0.0,29.3,-22.3,30
Guainía,8,756,62.6,0.0,38.1,-13.5,23
Vaupés,5,340,29.8,0.0,33.2,-18.4,28
