puesto,nombre_entidad,nombre_proveedor,contratos,seguidos_menos_30_dias,mediana_dias_entre_firmas,valor_millones,primera_firma,ultima_firma,parejas_que_cumplen
1,ASOCIACIÓN DE MUNICIPIOS DEL NORTE ANTIOQUEÑO- AMUNORTE,CORPORACION AFROPROGRESO DIEGO LUIS CORDOBA,122,121,0.0,15536.0,2025-02-18,2025-12-23,933
2,DISTRITO ESPECIAL DE CIENCIA TECNOLOGIA E INNOVACION DE MEDELLIN,INSTITUCIÓN UNIVERSITARIA ITM,64,61,1.0,506597.0,2025-01-10,2025-11-07,933
3,MUNICIPIO DE DABEIBA,EDURHA DABEIBA,60,59,2.0,9704.0,2025-01-31,2025-11-07,933
4,MUNICIPIO DE GUATAPE,EMPRESA AUTONOMA GUATAPE,59,57,1.0,25073.0,2025-02-10,2025-11-08,933
5,MUNICIPIO EL RETIRO,FONDO DE DESARROLLO SOCIAL DE EL RETIRO,49,46,2.0,65475.0,2025-02-06,2025-11-07,933
6,ALCALDIA MUNICIPIO DE SOPETRAN,EMPRESA DE DESARROLLO URBANO DEL OCCIDENTE--EDUOCCIDENTE,47,46,4.5,14068.0,2025-02-03,2025-11-07,933
7,ALCALDÍA MUNICIPIO DE BELLO,EMPRESA DE DESARROLLO URBANO Y RURAL DEL MUNICIPIO DE BELLO,47,44,4.5,110149.0,2025-01-21,2025-12-31,933
8,MUNICIPIO SANTA ROSA DE OSOS,EDUNA (PROVEEDOR),45,43,3.0,30483.0,2025-01-21,2025-11-07,933
9,MUNICIPIO DE EL BAGRE,EMPRESA PARA EL DESARROLLO TERRITORIAL DE EL BAGRE,46,43,0.0,10217.0,2025-05-25,2025-11-22,933
10,MUNICIPIO DE MARINILLA,EDUR MARINILLA,41,37,0.0,37466.0,2025-02-21,2025-11-08,933
11,ALCALDIA DE EL PEÑOL,EMPRESA AUTONOMA DE EL PEÑOL,39,36,2.0,14618.0,2025-02-27,2025-12-16,933
12,ALCALDIA ALEJANDRIA,ASOCIACIÓN DE JUNTAS DE ACCIÓN COMUNAL Y VIVIENDA COMUNITARIA,36,34,4.0,2877.0,2025-02-13,2025-12-26,933
13,DISTRITO ESPECIAL DE CIENCIA TECNOLOGIA E INNOVACION DE MEDELLIN,UNIVERSIDAD DE ANTIOQUIA,35,33,6.0,108203.0,2025-01-22,2025-10-30,933
14,ALCALDIA MUNICIPAL SAN CARLOS,EMPRESA DE DESARROLLO DE SAN CARLOS,36,33,4.0,36961.0,2025-01-11,2025-11-07,933
15,MUNICIPIO DE TAMESIS,EMPRESA DE DESARROLLO URBANO Y RURAL TAMESIS,35,33,7.0,5583.0,2025-01-29,2025-12-15,933
16,MUNICIPIO DE DONMATIAS,EMPRESA DE DESARROLLO TERRITORIAL DE DON MATIAS,35,32,3.0,16759.0,2025-02-11,2025-11-07,933
17,MUNICIPIO DE ENVIGADO*,EMPRESA DE VIVIENDA Y DESARROLLO URBANO Y RURAL DEL MUNICIPIO DE ENVIGADO,34,31,4.0,265438.0,2025-01-01,2025-11-07,933
18,CORPORACION AUTONOMA REGIONAL DE LAS CUENCAS DE LOS RIOS NEGRO - NARE,ALCALDÍA MUNICIPAL DE COCORNÁ,32,31,1.0,2179.0,2025-08-12,2025-11-07,933
19,ALCALDÍA MUNICIPAL DE ROLDANILLO,FUNDACIÓN VIDA SILVESTRE,33,31,8.0,990.0,2025-01-15,2025-12-03,933
20,DEPARTAMENTO DE ANTIOQUIA//,RENTING DE ANTIOQUIA,34,30,3.0,545517.0,2025-02-10,2025-12-29,933
