puesto,sector,contratos,valor_empresas_miles_millones,pct_contratos_pyme,pct_valor_pyme,dif_vs_promedio_pp
1,Ley de Justicia,4253,2418.8,74.4,38.9,16.4
2,Ambiente y Desarrollo Sostenible,5117,3732.4,52.2,38.6,16.0
3,Tecnologías de la Información y las Comunicaciones,835,1217.2,48.6,32.8,10.2
4,Defensa,9279,8091.7,70.4,29.4,6.8
5,Ciencia Tecnología,382,157.6,58.1,27.3,4.7
6,Salud y Protección Social,21771,16129.9,47.5,27.0,4.4
7,Cultura,3523,1960.3,48.0,26.9,4.3
8,Presidencia de la República,697,458.9,52.2,26.0,3.4
9,No aplica/No pertenece,28728,21414.8,51.5,25.9,3.4
10,Transporte,4670,3745.8,44.1,25.7,3.2
11,Trabajo,5014,2262.6,83.3,25.4,2.9
12,"Vivienda, Ciudad y Territorio",3067,3200.6,48.9,25.1,2.6
13,Inteligencia Estratégica y Contrainteligencia,21,1.7,66.7,23.6,1.0
14,Planeación,1595,860.4,57.4,23.1,0.5
15,Educación Nacional,6288,5017.2,60.7,22.7,0.1
16,Servicio Público,45356,41582.9,47.6,20.9,-1.6
17,Relaciones Exteriores,198,188.2,46.0,19.8,-2.8
18,Deportes,4027,2208.8,41.6,19.2,-3.4
19,Agricultura,1079,1428.1,49.6,18.0,-4.6
20,Inclusión Social y Reconciliación,1119,4012.9,38.9,16.6,-6.0
21,Hacienda y Crédito Público,1509,3895.2,62.6,12.4,-10.2
22,Información Estadística,350,233.1,50.3,12.1,-10.4
23,Industria,1636,4499.5,60.5,11.1,-11.5
24,Interior,693,1616.7,44.6,4.9,-17.7
25,Minas y Energía,959,6514.6,51.4,4.0,-18.5
