mes,grupo_modalidad,contratos,valor_miles_millones,pct_valor_del_mes,media_movil_3m_miles_millones,var_vs_mes_anterior_pct
1,Competitiva,949,5350.5,31.3,5350.5,
1,Directa,126631,9211.7,53.9,9211.7,
1,Régimen especial,23171,2532.1,14.8,2532.1,
2,Competitiva,3005,1561.9,9.4,3456.2,-70.8
2,Directa,147840,10247.6,61.8,9729.6,11.2
2,Régimen especial,14900,4777.5,28.8,3654.8,88.7
3,Competitiva,4968,2485.4,21.5,3132.6,59.1
3,Directa,81464,6033.8,52.1,8497.7,-41.1
3,Régimen especial,10806,3057.7,26.4,3455.8,-36.0
4,Competitiva,5930,2474.9,24.9,2174.1,-0.4
4,Directa,51437,5118.2,51.5,7133.2,-15.2
4,Régimen especial,11928,2338.8,23.5,3391.3,-23.5
5,Competitiva,6506,5133.0,38.0,3364.4,107.4
5,Directa,45291,6424.8,47.6,5858.9,25.5
5,Régimen especial,12650,1949.9,14.4,2448.8,-16.6
6,Competitiva,5968,3123.5,30.7,3577.2,-39.1
6,Directa,37200,4882.0,48.0,5475.0,-24.0
6,Régimen especial,10148,2155.0,21.2,2147.9,10.5
7,Competitiva,6892,6619.0,48.0,4958.5,111.9
7,Directa,60468,5237.3,38.0,5514.7,7.3
7,Régimen especial,13274,1932.1,14.0,2012.3,-10.3
8,Competitiva,5944,3393.9,31.2,4378.8,-48.7
8,Directa,52992,4809.6,44.3,4976.3,-8.2
8,Régimen especial,11697,2659.1,24.5,2248.7,37.6
9,Competitiva,6614,4712.3,33.7,4908.4,38.8
9,Directa,67225,7070.5,50.6,5705.8,47.0
9,Régimen especial,12472,2188.9,15.7,2260.0,-17.7
10,Competitiva,8071,3759.1,27.8,3955.1,-20.2
10,Directa,59527,7542.0,55.8,6474.0,6.7
10,Régimen especial,18005,2223.9,16.4,2357.3,1.6
11,Competitiva,7675,4037.4,21.1,4169.6,7.4
11,Directa,56209,13215.4,69.0,9276.0,75.2
11,Régimen especial,12627,1899.4,9.9,2104.0,-14.6
12,Competitiva,11341,10407.3,38.0,6067.9,157.8
12,Directa,26400,11892.2,43.4,10883.2,-10.0
12,Régimen especial,12536,5116.6,18.7,3079.9,169.4
